vin,make,model,year,colour
13d0008e-e4c5-446,Ford,Park Avenue,2012,Dark Blue
0a63afaf-d79b-430,Mercury,Tacoma,2021,Pink
03bbf0de-5ee8-460,Subaru,Sonata,2017,Dark Blue
0048b7c5-117d-4da,Audi,Tempo,2019,Blue
aa0169ef-9952-456,Audi,Tacoma,2020,Dark Blue
88174ce0-f315-41e,Hyundai,Topaz,2020,Turquoise
716fef72-98cd-4fa,Subaru,Viper,2010,Dark Blue
7fe8a56a-88a0-4e2,Abarth,Topaz,2009,Fuscia
0e1782ca-263e-47b,Dodge,Topaz,2016,Pink
f9342904-fbf3-4ec,Toyota,E350,2008,Red
5b8526a3-4ac0-42c,Buick,Tribeca,2011,Gray
eebe65ca-c05e-483,Mercury,E350,2009,Purple
258f434f-7316-49a,Mercury,Tempo,2023,Gray
12363f4d-eefe-4f2,Audi,Topaz,2005,Blue
044d453e-1623-4d4,Subaru,Topaz,2005,Dark green
e4c1a737-9a82-45f,Subaru,Tribeca,2008,Pink
8bfc7a06-4f9b-449,Subaru,Sonata,2023,Dark green
d1e985cb-1c90-4b9,Bentley,Topaz,2007,Fuscia
95a83a8b-0264-486,Ford,Sonata,2020,Orange
d9dc5856-3167-43a,Mercury,Sonata,2013,Khaki
7b29c579-707b-447,Dodge,Tucson,2020,Khaki
45969ef0-8705-46c,Dodge,E350,2014,Dark green
3eccc412-4399-46b,Alfa Romeo,Park Avenue,2012,Silver
a7d833dc-e896-4a0,Subaru,Park Avenue,2013,Black
4e0cd9b7-1e3c-4f6,BMW,E350,2018,Khaki
bb42b6df-8099-4f5,Dodge,Topaz,2016,Gold
7157532c-fb71-435,Audi,Tribeca,2013,Dark green
c6c35d47-ea0e-4dd,Ford,Tempo,2005,Purple
1400b180-e80a-4ec,Dodge,Tacoma,2019,Light green
d3a64624-29df-46e,Ford,Tempo,2006,Black
6f8d82d1-8f08-492,Bentley,Tribeca,2011,Orange
4b56c01f-5b7e-497,Mercury,Topaz,2017,Gold
468e84bb-b950-41c,Subaru,Tribeca,2019,Khaki
322112d9-1f4c-489,Subaru,Tempo,2016,Khaki
883f1fa5-00f8-417,Mercury,Viper,2008,Orange
c1c48cb1-607f-471,Toyota,Tribeca,2008,Blue
e047acdf-3454-465,Abarth,Tribeca,2010,Fuscia
08746bf2-53da-465,Audi,Tempo,2010,Light green
5d8871c1-2f71-4f4,Buick,Topaz,2019,Gray
a0cac00e-d1b7-425,Audi,Tacoma,2004,Gold
b150e073-96c8-4bb,BMW,Sonata,2023,Khaki
43bf86e2-e17f-4f4,Mercury,Intrepid,2014,Gray
88cb1fa9-e9ca-44f,Ford,Tribeca,2021,Silver
e2663cf0-6eb2-41a,Toyota,Viper,2011,Fuscia
d89d5197-e237-4e6,Toyota,Topaz,2023,Red
f7a08e56-d2cb-435,Bentley,Intrepid,2015,Green
4cb6fad1-89a7-489,Alfa Romeo,Sonata,2023,Gold
3f64835e-389b-473,Abarth,Viper,2014,Dark green
d3c87b53-a496-4d9,Abarth,Topaz,2007,Purple
e084c575-091d-404,Ford,Sonata,2011,Dark green
291013ea-0c7a-44e,Dodge,Tempo,2018,Dark Blue
29c195bb-cc58-4f9,Dodge,Viper,2021,Black
735848fb-0742-440,Toyota,Topaz,2022,Khaki
d9f0a1c1-bbb2-4c2,Alfa Romeo,Viper,2012,Light green
23f183d6-8d90-42c,Mercury,Viper,2019,White
82645a06-d6eb-4af,Dodge,Viper,2009,Gold
d133c543-cc15-418,Audi,Tacoma,2009,Dark Blue
fff4322b-776a-4f5,Bentley,E350,2007,Dark green
a110bcb9-a29e-4a1,Hyundai,Topaz,2016,Green
338a5af1-6926-4f1,Mercury,Tucson,2020,Khaki
9b926d99-7be8-4cb,Hyundai,Tucson,2023,Dark Blue
ef3932f4-ef3e-483,Ford,Tribeca,2009,Gray
51a11a54-fb6a-406,Dodge,Tacoma,2014,Orange
06b51fbd-0993-487,Hyundai,Intrepid,2009,Dark Blue
cae76f64-f129-46f,Mercury,Topaz,2019,Khaki
f019095e-c566-49d,Alfa Romeo,E350,2010,Dark green
e8e4f770-70c2-46f,Buick,Topaz,2023,White
56399a06-2b7b-4a5,Subaru,Viper,2010,Green
6167f46a-5150-47d,Mercury,Viper,2005,Dark green
426a5f14-a4b1-496,Dodge,E350,2009,Turquoise
bb65daaf-5a6d-479,Buick,Tucson,2010,Gold
f6b64e83-768c-42c,Audi,Viper,2009,Gold
2c3740e4-f69a-4fa,Hyundai,Tempo,2022,Orange
4edbce5d-f92c-4c4,Alfa Romeo,Tribeca,2011,Dark green
67e8e136-933c-48c,Buick,Tribeca,2013,Dark green
bfc73525-e82c-49b,Buick,Topaz,2005,Gold
10a8ef25-05f4-478,Subaru,Tacoma,2016,Dark Blue
954e3e1d-490e-4b8,Mercury,Park Avenue,2006,Black
9d60b554-6696-496,Toyota,Tribeca,2010,Gray
31b73c53-76ba-409,Dodge,Viper,2005,Blue
0446be55-0d92-4db,Subaru,Tacoma,2010,White
a819ea5c-29f0-4d7,Bentley,Topaz,2016,Pink
23119850-9fc6-4e6,Subaru,Tempo,2020,Dark green
51f4c3aa-feb6-454,Audi,Topaz,2019,Dark green
3c598969-2667-4a6,Alfa Romeo,Intrepid,2016,Purple
60d781af-c72b-4e3,Audi,E350,2018,Khaki
7ba7eb87-4621-429,BMW,Park Avenue,2009,Light green
7685aca3-8a55-4d7,Buick,Tacoma,2019,Khaki
eae07bbb-1e13-47c,Buick,Tribeca,2015,Silver
08fdcf3f-9dd6-4ff,Toyota,Tacoma,2009,Orange
ba303447-605c-42e,Alfa Romeo,Topaz,2010,Gold
daa4268d-df0f-4ae,Buick,Park Avenue,2011,Purple
3cb1a11e-bc58-4ac,Subaru,E350,2020,Fuscia
bb904e70-06dd-4ed,Mercury,Intrepid,2013,Blue
5ba1dc56-7fac-425,Subaru,Tribeca,2009,Red
61d6c77b-ed6a-466,Alfa Romeo,Viper,2005,Blue
72cf0af1-5c28-44b,Subaru,Intrepid,2013,Orange
7f35b193-9f95-4d0,Toyota,Tempo,2007,Purple
1cd17a73-8d5f-46c,Ford,Topaz,2015,Gray
4e279403-4373-46f,Dodge,Tucson,2012,Dark green
1e5b8434-7812-459,Alfa Romeo,Tempo,2019,Orange
6597f9d2-eb50-41c,Dodge,Sonata,2017,Purple
d7b2eb07-58ee-4cc,Alfa Romeo,Tacoma,2004,Blue
17a6e401-c4ab-4ab,Buick,Tacoma,2008,Khaki
546446da-26a3-43b,Bentley,Sonata,2011,Orange
1f32e5e3-c381-498,BMW,Tribeca,2013,Pink
04d996f7-c85b-47c,Bentley,Tribeca,2014,Black
49abdd06-d958-499,Alfa Romeo,Topaz,2018,Pink
5f7ecd37-735f-4ad,Hyundai,Intrepid,2011,Dark green
09cbd5a2-aa98-40f,Bentley,Viper,2013,Fuscia
ce2938c6-1042-4e4,Abarth,E350,2014,Khaki
f6fc68ab-7b3c-427,Audi,Viper,2018,Khaki
3dad6839-fc39-4c0,Mercury,Topaz,2017,Gold
246dc747-faf8-415,Mercury,Intrepid,2015,Gray
b6d53d9b-da8a-450,Audi,Tacoma,2009,Purple
587a0695-4883-404,Dodge,Park Avenue,2023,Black
9e119d65-7735-45c,Ford,Park Avenue,2019,Purple
d4b6cdf7-2fbc-478,Audi,Tucson,2017,Silver
16682417-84fc-411,Subaru,Tucson,2019,Gold
cedf3f7a-5060-422,Toyota,E350,2017,Orange
fdf3e41e-5e6e-4e7,Hyundai,Park Avenue,2014,White
237b4115-1dc0-45b,Bentley,Topaz,2023,Gray
9baf07f9-648c-4f3,Dodge,Topaz,2018,Red
d2afb9a0-0c62-4cd,Audi,Viper,2016,Silver
85a3ac4d-75ac-491,Abarth,Tacoma,2006,Gray
2fec746c-3df4-4c3,Subaru,Sonata,2014,Black
607e9bca-0cf9-4eb,Ford,Topaz,2023,Red
61a19bae-09ae-42e,Dodge,Sonata,2021,Dark green
6f5ab642-553a-42b,Bentley,Tempo,2005,Pink
7bbd8b45-5e8e-49e,Subaru,Topaz,2011,Purple
82d7d250-76fa-43f,Toyota,E350,2020,Orange
478123aa-3d58-44a,Mercury,Tucson,2010,Pink
2e2583d0-1582-4e6,BMW,Intrepid,2018,Blue
60440ba2-f617-409,Alfa Romeo,Intrepid,2023,Silver
414e6a26-b022-4df,Audi,Park Avenue,2017,Black
513cbe83-fc44-4d1,Mercury,E350,2011,Silver
03f4e705-3dec-48d,Toyota,Park Avenue,2011,White
e754e1f5-13aa-47b,Audi,Topaz,2018,Gold
20a80dc3-ae63-43f,Subaru,Tacoma,2017,Light green
1ad6da23-0cc6-486,Ford,Tempo,2009,Light green
d9d3925c-c2e6-41e,Ford,Viper,2009,Blue
8f4ccbae-a925-497,BMW,Tempo,2017,Khaki
380803cc-e840-4d2,Abarth,Tribeca,2004,Light green
4d9c4ac7-98e4-46e,Dodge,Tempo,2010,Purple
697a7a90-ad95-4d2,Buick,Tucson,2013,Red
12b7cdc0-3f6f-46e,Audi,Tucson,2008,Orange
0875ccf2-6a00-4f0,Dodge,Viper,2004,Gray
85421fc4-858b-469,Subaru,Park Avenue,2007,Purple
46086ca6-7391-478,Hyundai,Topaz,2014,Black
dbd1f204-5333-4a2,Dodge,Viper,2015,Blue
d02993c6-bd43-4a9,Toyota,Sonata,2016,Gray
f36df050-3cf4-4b1,Abarth,Sonata,2008,Green
b4f46c7d-4d0c-4d4,Bentley,Sonata,2018,Dark green
a6aa2f99-cd5f-4dc,Bentley,Viper,2018,Turquoise
9ea7fae4-a2bf-4c3,BMW,Topaz,2004,Light green
dd887222-740d-4c6,Mercury,Tribeca,2006,Gold
3198898e-6a34-479,Audi,Intrepid,2012,Purple
1bfd869d-1b0f-439,Abarth,Topaz,2013,Green
1dbf335e-0d13-4b6,Ford,Tacoma,2009,Orange
591cd817-f8c1-438,Subaru,Viper,2013,Dark green
285f981a-815d-4bd,Mercury,E350,2006,Dark Blue
2f268906-9e56-45c,Bentley,Park Avenue,2019,Red
70d2150d-5e4b-4a9,Dodge,Tucson,2009,Orange
cffbda9c-34f9-4b8,Mercury,Tucson,2009,Pink
81aacd3b-0c37-4c1,Abarth,Tacoma,2004,Green
413092ef-8562-476,Dodge,E350,2006,Green
1be509ec-e635-4e2,Buick,Tribeca,2012,Silver
a2a35625-5b84-4b5,Subaru,Topaz,2007,Pink
ddf9b4db-7195-46d,Buick,Intrepid,2009,Gray
70138843-4011-49a,Mercury,Sonata,2010,Dark green
a0a6fb2a-2697-493,Alfa Romeo,Tucson,2023,Green
5541ebdf-0ad6-43b,Audi,E350,2018,Pink
cd49b59e-df5a-4c4,Ford,Tribeca,2012,Khaki
8f9b01e5-1dd1-4e2,Audi,Topaz,2015,White
82780a72-8ad6-4d8,Bentley,Tribeca,2020,Gold
ac3e98c0-e3d3-487,Bentley,Tacoma,2021,Turquoise
8993f125-2e85-4f3,Hyundai,Topaz,2023,Khaki
0247bb1b-aafe-471,BMW,Intrepid,2010,Fuscia
2d57b879-2037-427,Ford,Tacoma,2020,Fuscia
40869bc1-fe9d-406,Hyundai,Tribeca,2022,Dark Blue
58b64765-98d5-453,Alfa Romeo,Tribeca,2011,Khaki
71b32eef-d5ba-46e,Subaru,Tacoma,2011,Fuscia
5419f6e5-f83e-416,Bentley,Topaz,2017,Gold
17b2eb0d-c52d-42e,Buick,Intrepid,2022,Fuscia
927cf024-85d6-4e1,Buick,Tempo,2008,Light green
960d5d3a-cab3-407,BMW,Viper,2013,Dark Blue
eed6164d-b4b3-498,Dodge,Tacoma,2021,Pink
9c042f00-14a0-49e,Bentley,E350,2021,Dark green
1ad1e149-8cbd-47e,BMW,Intrepid,2022,Gray
c1ee319e-4d43-46b,Alfa Romeo,Tacoma,2016,Silver
5e23eb74-fdfa-439,Abarth,Tucson,2006,Khaki
f071df2f-0f3e-4cd,Subaru,Sonata,2011,White
eb6b6d96-6924-4ae,Subaru,Topaz,2018,Light green
fa2fc0a7-9a02-4b9,Buick,Tacoma,2005,Turquoise
f1ebae05-9b82-4f1,Alfa Romeo,Viper,2023,Blue
3e76869d-3222-4b5,Hyundai,Sonata,2013,Dark green
21ad59dc-9b4a-463,Subaru,E350,2018,Light green
1f4b2320-6927-447,Buick,Viper,2017,White
d0ed0f8d-e8f0-460,BMW,Sonata,2022,Gold
066026b1-bf2b-49c,Dodge,Tacoma,2008,Black
684cc247-1149-4bd,Abarth,Tribeca,2022,Orange
8973a0f4-6f3b-434,Bentley,Park Avenue,2008,Gold
61ec17c3-419c-417,BMW,Sonata,2023,Dark Blue
02ae78f6-b582-4cf,Ford,Tucson,2022,Light green
cf6d3b9d-7764-4b2,Subaru,Intrepid,2023,Light green
d2d9b5c2-60e2-4c5,Dodge,Intrepid,2014,Khaki
0a4e4977-ca01-42f,Mercury,Tempo,2010,Black
90ae15ee-f380-4fa,Mercury,Park Avenue,2022,Red
c91aa50e-4a54-416,Hyundai,Tempo,2014,Dark green
a279f165-9b30-4e0,Mercury,Intrepid,2008,Dark green
116bf05f-b25f-472,Bentley,Tacoma,2009,Purple
82fc00d2-1bb8-40b,Alfa Romeo,E350,2021,Red
709faea8-8367-43c,Subaru,Viper,2005,Dark Blue
d7e18b97-8b23-48c,Ford,Viper,2015,Turquoise
742200b4-9c35-4c7,Ford,Intrepid,2023,Fuscia
d35ca25e-1089-40b,Ford,Tacoma,2007,Light green
6ef74671-39ec-4d0,Mercury,Park Avenue,2004,White
b47b7019-72ed-43d,Subaru,Tucson,2022,Red
c37abf27-9970-466,Buick,Park Avenue,2017,Khaki
873f9c09-f895-433,Subaru,Viper,2004,Dark green
3089bbc6-7cb7-45b,Abarth,Park Avenue,2011,Orange
1c66a24b-d3c6-40e,BMW,Tucson,2020,Dark green
f0ff7a7a-be87-4c6,Hyundai,Intrepid,2014,Black
ba251e3f-0b36-40c,Ford,Viper,2013,Black
af6749ce-8361-427,Mercury,Topaz,2022,Gray
3a5f5799-7c10-479,Mercury,Tribeca,2023,Dark green
af88cfe7-6217-459,Subaru,Tucson,2008,Turquoise
247332d9-edf7-43b,Dodge,Tempo,2004,Fuscia
6426bd69-1ed6-49a,Buick,Tacoma,2009,Pink
c94e8857-98f1-443,Hyundai,Tacoma,2015,Black
dff798e1-bcf8-4ee,Ford,Tacoma,2013,Gray
054a7b67-9d56-404,Ford,Tacoma,2011,Gray
2f7de5cf-2342-420,Mercury,Intrepid,2017,Silver
5452cdc9-fa20-471,Toyota,Viper,2010,Gold
5d2c314a-5ab5-4de,Dodge,Sonata,2017,Blue
a2e83434-c5ff-4b1,Dodge,Intrepid,2017,Dark Blue
24df808e-6bb8-4be,Abarth,Viper,2006,White
01b2b047-b508-4d8,Toyota,Intrepid,2013,White
9c3b70c0-c25e-4c9,Bentley,Topaz,2006,Red
a6d067e4-219f-4c5,Alfa Romeo,Sonata,2016,Gray
015768ed-5858-40a,Mercury,Tribeca,2010,Silver
7423971a-555f-457,Hyundai,Sonata,2021,Green
7a234877-61a5-401,Toyota,E350,2016,Gold
35bea68f-2bbf-45a,Dodge,Sonata,2021,Purple
8ed50c06-2b01-4ac,Bentley,Tacoma,2013,Blue
461705b4-62a1-4a5,Alfa Romeo,Tucson,2006,Khaki
d9001710-2ef6-4f4,Hyundai,Tribeca,2007,Pink
344dd2ee-e19e-49e,Bentley,Sonata,2005,Purple
24d06d85-ea1e-4e8,BMW,Tucson,2018,White
a1876002-e2f1-45c,Ford,Viper,2008,Orange
98dbd27f-050f-497,Bentley,Topaz,2017,Khaki
7f4665e1-682a-4f4,Dodge,Tucson,2016,Gray
18e4eb2c-2ac3-4cf,Audi,Topaz,2004,Pink
9b082e04-121d-495,Buick,Tacoma,2007,Orange
6a1b064b-8d49-485,Dodge,Tacoma,2021,Fuscia
7a1b4707-1bad-475,BMW,Tucson,2005,Black
03f38410-b552-451,Buick,Tacoma,2021,Pink
1d297d15-8faf-492,Abarth,Sonata,2016,Khaki
e29ec100-95fc-461,Alfa Romeo,Intrepid,2013,Khaki
337447cb-545f-491,Buick,Topaz,2010,Silver
c83cc852-23fc-4fc,Dodge,E350,2011,Gold
78f8596f-0249-460,BMW,Tribeca,2017,Blue
89a314ae-948e-4ff,Toyota,Park Avenue,2015,Gray
3f265041-0387-4d8,Dodge,Tacoma,2007,Fuscia
6af6f754-6f5c-403,Hyundai,Topaz,2015,Green
e914bfcf-ea77-4f4,BMW,Intrepid,2011,Pink
1fe34967-284d-46a,Alfa Romeo,Sonata,2020,Turquoise
22deeb65-c623-425,Mercury,Tucson,2008,Orange
31b0121d-b47f-408,Buick,Sonata,2023,Turquoise
23e6360c-6936-4a0,Dodge,Tempo,2021,Orange
0c3b4ef0-f10f-468,Dodge,Topaz,2018,White
1f7af6a3-80d9-4fc,Dodge,Tacoma,2006,Gray
4f5da2bc-f64f-49e,Dodge,E350,2004,Red
16d4a4f1-703d-49f,Ford,Sonata,2005,Silver
b435a4a6-9590-401,BMW,Sonata,2013,Red
a1b964c8-bcfe-4da,Toyota,E350,2011,Blue
676acc91-4b42-406,Dodge,Park Avenue,2016,Dark green
98ee4d4a-00b2-451,Mercury,Intrepid,2008,Fuscia
0eafd9b8-d136-497,BMW,Topaz,2011,White
488bc0a3-dbf5-46b,Alfa Romeo,Park Avenue,2011,Dark Blue
c883763d-ab34-4ae,Alfa Romeo,Tucson,2005,Purple
e8f0c56e-36d8-475,BMW,Viper,2008,Black
c1a1bc97-7121-4b6,Toyota,Sonata,2014,White
5803f776-27bc-457,Dodge,Topaz,2023,Pink
6e8b136b-2fa9-441,Audi,Tucson,2020,Red
ae7adb90-b234-491,Ford,Intrepid,2004,Gold
754a5cfd-94cc-480,Hyundai,Intrepid,2019,Dark Blue
024e6239-aeae-48e,Toyota,Tucson,2008,Gold
6c7c29d5-32f3-478,Mercury,Viper,2014,White
db0d790b-3a93-436,Toyota,Topaz,2015,Gray
da3558dd-4176-49d,Toyota,Viper,2021,Pink
184f1793-9132-4ab,Abarth,Tribeca,2023,Blue
9d8965df-0589-418,Hyundai,Tucson,2013,Gold
dbf558d3-403a-4f1,Mercury,Viper,2018,Orange
77f7110c-ec28-450,Alfa Romeo,Viper,2016,Silver
7ccc08b4-e915-42e,BMW,Tribeca,2017,Pink
a7abecfb-028f-4c8,Dodge,E350,2020,Dark green
5ed240c8-9cc8-45b,Abarth,Tribeca,2021,Gold
f4a82ed8-ffad-480,Dodge,Intrepid,2011,Turquoise
11984d1a-81c5-40e,Toyota,Tucson,2008,Pink
7f1812b1-8dda-416,Mercury,Park Avenue,2022,Dark Blue
8b44b47e-bb90-425,Toyota,Viper,2006,Dark green
642289f9-207c-46b,Buick,Topaz,2021,Orange
17c0b1ac-6aa6-4df,Bentley,Park Avenue,2006,Khaki
858cc132-5731-4e6,Toyota,Topaz,2018,Red
b7c1d643-ef4d-449,Mercury,Viper,2013,Green
1689d8df-2809-4c9,Mercury,Viper,2016,Gray
e64d43ea-7779-407,Audi,Topaz,2022,Dark green
779d6c34-066d-465,Buick,Topaz,2019,Dark green
580c3e04-e91f-474,BMW,Tucson,2021,Green
a8b0f4ad-b43a-459,BMW,Intrepid,2011,Black
fc080bef-acf3-420,Hyundai,Intrepid,2015,Red
9e81b6fd-bb49-41a,Hyundai,Park Avenue,2010,White
d631a18a-3cdd-41c,Alfa Romeo,Topaz,2014,Gray
47726e12-4e7f-4ad,Abarth,Intrepid,2014,White
9c8bb1e0-2a15-4a6,Buick,Sonata,2009,Blue
6bb4b044-3f66-425,Subaru,Topaz,2005,Green
b019e173-7e7b-412,Bentley,Tucson,2018,White
8bbed100-9886-466,Abarth,E350,2009,White
4c742b72-a3e2-42a,Bentley,Tribeca,2015,Orange
b95f42f0-b18c-405,Hyundai,Topaz,2010,Red
805f5ca8-ea7a-4ea,Dodge,Tribeca,2008,Khaki
ed1b1202-ae2f-4af,Bentley,E350,2019,Purple
a06e5859-9d8f-490,Subaru,Sonata,2005,Khaki
a3c3bf3d-d4b0-498,Ford,Sonata,2006,Orange
da3f89e1-ffec-460,Toyota,E350,2014,Khaki
e1843621-5862-40c,Abarth,Sonata,2013,Black
22247118-6885-4c4,BMW,Sonata,2023,Black
bb51a39a-23b9-4dc,Toyota,Tribeca,2014,White
1ec33236-7ba3-491,Alfa Romeo,Tucson,2017,Turquoise
92480c17-e45b-446,Abarth,E350,2014,Orange
49ccd95a-0d0d-418,Subaru,Topaz,2008,Dark green
fd36e37b-4183-4ab,Subaru,Tucson,2014,Khaki
41380517-dd84-4c3,Toyota,Park Avenue,2014,Pink
a171715b-abf8-474,Audi,Tacoma,2016,Dark green
6dfd23b1-7c18-43c,Toyota,E350,2023,Light green
9f3b0c37-dfe9-4eb,BMW,Tucson,2014,Silver
78272116-690c-49c,Buick,Sonata,2008,Green
c900ff75-b59f-473,Bentley,E350,2010,Green
476ff6f1-598d-47a,Audi,Tribeca,2015,Red
79e5d028-eca8-4cf,Hyundai,Viper,2015,Fuscia
7699be3b-d2f8-459,Abarth,E350,2011,Gold
0359ff05-324a-4b2,Mercury,Tribeca,2008,Silver
0c8613a5-e8be-416,Abarth,Topaz,2006,Dark Blue
447b216a-fbcd-4c2,Hyundai,E350,2007,Dark green
389d9e8c-2042-49b,BMW,Tucson,2004,Red
d246d6a4-a3d6-4a6,Abarth,Intrepid,2017,Dark Blue
df3b1033-f590-4e2,Audi,E350,2004,Gray
650d0e3f-47c1-491,Toyota,Topaz,2006,Fuscia
040c5cd7-affa-4d8,Abarth,Tribeca,2009,Pink
85940236-108b-49e,Abarth,Park Avenue,2016,Silver
ef0dc21d-b865-49c,Buick,Intrepid,2009,Black
73a9b741-0055-427,Buick,Tribeca,2010,Red
281bad80-5cf2-45a,Audi,Tribeca,2023,Khaki
8ef28401-a1ba-4ff,Audi,Intrepid,2021,Fuscia
28c1182a-3e2a-456,Alfa Romeo,Intrepid,2020,Khaki
e69e4032-5f49-48f,BMW,E350,2017,Silver
039bba1c-a9a4-474,Dodge,Tribeca,2019,Pink
5d1de531-b59c-476,BMW,Topaz,2021,Silver
8051581c-287d-4a3,Audi,Tacoma,2022,Purple
ca135bf7-389c-461,Bentley,Tucson,2022,Gold
f90255e2-38c7-4b5,Alfa Romeo,E350,2015,Dark Blue
09862e4c-1095-4a1,Toyota,Park Avenue,2019,Pink
e06a0ad2-adf2-47d,Abarth,Topaz,2018,Purple
74724773-3cb3-4d4,Mercury,Tribeca,2009,Light green
83c5612a-0a79-4d4,Hyundai,Intrepid,2009,Red
9d544e5d-0432-479,Subaru,Tacoma,2007,Red
c246a85b-86da-499,Toyota,Tempo,2016,Black
44005bac-bc0c-4e8,Ford,Tucson,2021,Dark Blue
97d25735-eb4b-4fa,Mercury,Park Avenue,2012,Fuscia
560b7c74-bf43-4e9,Bentley,Tucson,2006,White
56f411ad-8434-4f4,Dodge,Sonata,2004,Dark Blue
8a4d5739-1cd7-482,Buick,Topaz,2020,Red
cc23f0ab-03b0-4f9,Buick,Tacoma,2007,Pink
71f6ae69-c457-4b5,Alfa Romeo,Tacoma,2016,Green
4cb92acd-6989-4b0,Audi,Topaz,2007,Light green
8f90589b-1ab4-484,Buick,Topaz,2018,Purple
21f96ea7-d3e6-4ec,Abarth,Intrepid,2006,Fuscia
ba2ab4a0-c6e0-44a,Ford,Topaz,2023,Light green
bfeea480-ff91-4b0,Abarth,Sonata,2005,Red
68f743ab-2eaf-4e3,Abarth,Tempo,2017,Blue
880bc817-b92d-450,Hyundai,Tribeca,2007,Black
4748e6d3-f246-454,Buick,Tacoma,2006,Light green
ba62d954-6f95-43c,Ford,Tucson,2023,Turquoise
c047d7b0-6759-41a,Toyota,Intrepid,2022,Gray
2a252f50-92e6-4a4,Subaru,Topaz,2013,Fuscia
2b068fa3-0292-4b2,Alfa Romeo,Tribeca,2010,Purple
460b8a7e-ae1d-484,Audi,E350,2007,Gold
d3a03a98-7dbb-486,Bentley,Topaz,2020,Red
164175d6-ec76-456,Bentley,Tacoma,2023,Green
d9175398-a5d6-44c,BMW,Tempo,2021,Orange
e6451c7b-8c67-480,Subaru,Topaz,2011,Orange
1bbc52e2-5b6f-4bd,Mercury,Topaz,2009,Orange
aa284596-088d-4f4,Toyota,Viper,2022,Dark Blue
a01d9300-1c1a-427,BMW,Tempo,2020,Silver
33b1593f-1c23-4d0,Bentley,Viper,2006,Dark Blue
90ffe25b-6b57-47c,Audi,Tribeca,2015,Light green
c101c1fc-8771-45e,Ford,Tempo,2015,Gray
8fa21755-eea6-4a5,Dodge,Topaz,2004,Silver
51d3da98-6683-46d,Ford,Viper,2014,Gold
4c8b334f-67f4-42a,Dodge,Park Avenue,2017,Khaki
7dca8be8-1285-4a5,Toyota,Tacoma,2013,Gold
d9f2118e-b398-4eb,Hyundai,Sonata,2015,White
33306ccc-6dd9-475,Toyota,Sonata,2013,Light green
79e9503a-368b-421,Dodge,Park Avenue,2020,Gray
8ddc0b60-aa5d-445,Dodge,Intrepid,2014,Pink
330edae9-fd66-4f2,Subaru,Tacoma,2004,Purple
f35417a0-d561-487,Ford,Viper,2004,Gray
406f1d3e-710c-4f3,Dodge,Sonata,2009,Light green
14d1d5bd-9f28-47a,Abarth,Intrepid,2022,Green
a6322af2-8fa9-4c8,Alfa Romeo,Tribeca,2018,Silver
01dc2994-e3e3-4b3,Hyundai,Intrepid,2010,Khaki
5fd2d26a-ac30-455,Toyota,Tacoma,2012,Blue
a560347b-0dc3-4b5,Ford,Sonata,2019,Orange
3eb78fe6-3c62-420,Ford,Park Avenue,2021,Purple
950a1ea3-eea4-46a,Ford,Park Avenue,2021,Light green
286596b3-c210-454,Abarth,Tacoma,2013,Khaki
102ce878-60cb-434,Dodge,Park Avenue,2005,Gray
caadbdd7-6c34-45f,Bentley,Intrepid,2005,Purple
f7502879-76a2-4fe,Ford,Tacoma,2013,Dark Blue
5a5097a7-473f-40d,Dodge,Tucson,2021,Light green
20166c20-ab91-491,BMW,Tempo,2014,White
ac886406-a9de-49a,Alfa Romeo,E350,2010,Khaki
c807a1d6-632c-413,Toyota,Topaz,2021,Gold
00595215-da98-42f,Mercury,Park Avenue,2020,Purple
5f1e382e-05fc-4b8,BMW,Intrepid,2015,Green
c6e6183e-9b1d-4c8,Bentley,Sonata,2011,Red
baa50efc-9727-4b0,Mercury,Viper,2021,Blue
fee0ef37-f0bb-477,Toyota,Sonata,2018,Fuscia
7b38830d-b26d-407,Hyundai,Tribeca,2010,Orange
3f4a96d8-945b-4dc,Mercury,Sonata,2014,Orange
75538046-e926-45f,Hyundai,Tucson,2007,Dark green
0040e6b6-5fc5-413,Subaru,Tucson,2004,Silver
6f2d7421-cd82-489,Bentley,Park Avenue,2012,Blue
a405a591-b7e2-42e,Toyota,Tacoma,2016,White
91fb456b-092f-430,BMW,Topaz,2018,Fuscia
e3a061b3-a7eb-4d2,Abarth,Park Avenue,2012,Gray
4ac3d233-2dbc-419,Alfa Romeo,Tacoma,2017,Pink
60bdd7b1-b25b-4f1,BMW,Tacoma,2011,Fuscia
daa9a4dd-7227-42a,Buick,Tacoma,2021,Fuscia
0ec4476f-4fd0-4e1,Audi,E350,2007,Dark green
fb951da6-686b-4a3,Ford,E350,2007,White
dbca588f-b3e2-4bd,Dodge,Tacoma,2016,Orange
2c8387f8-38db-43a,Abarth,Park Avenue,2013,Gold
e25b5fb7-5a64-48f,Subaru,E350,2015,Turquoise
2bc26503-04cd-4a6,Hyundai,Viper,2020,Orange
d8a1f472-84f8-425,Buick,Park Avenue,2005,Black
97a5026a-58f3-465,Subaru,Sonata,2018,White
f559627e-667a-4bb,Toyota,Tempo,2022,Fuscia
021a5f7f-cc7b-437,BMW,Tucson,2015,Khaki
31ee7b02-8c5a-4a7,Dodge,Tempo,2008,Orange
36153bd9-a047-4e6,Mercury,Tribeca,2021,Dark green
3baf7438-7529-431,Bentley,Tacoma,2008,Dark green
53b396b8-ea69-4fa,Abarth,Tucson,2009,White
cf9fb4b9-69ec-497,Subaru,Sonata,2012,Blue
7f5a4703-d674-49b,Abarth,Park Avenue,2020,Pink
92b17d74-f61b-43b,Bentley,Tribeca,2015,Red
7d534461-a1eb-4f5,BMW,Tribeca,2015,Black
a1007195-5174-406,Toyota,Sonata,2004,Green
80bd13ac-5c9c-473,Audi,Tacoma,2020,Red
8133cef1-afb9-446,Audi,Viper,2020,Pink
173fc842-8691-442,Alfa Romeo,Intrepid,2007,Black
7321366e-0321-48c,Ford,Topaz,2008,Turquoise
14094580-a7c8-4c5,Bentley,Intrepid,2015,Orange
1727d374-4319-475,Bentley,Viper,2004,Light green
445aa254-338a-4ea,Hyundai,E350,2010,Blue
63f1e80c-280f-48a,Subaru,Tacoma,2014,Blue
26c183c8-6d7f-4a8,Abarth,Park Avenue,2023,Black
d1225f0d-8843-49f,Hyundai,Intrepid,2013,Black
3cb6cc0b-1ff8-441,Hyundai,Viper,2014,Gray
baf2645c-56ac-4ab,Mercury,E350,2022,Light green
498803bb-13cc-450,Mercury,Tucson,2008,Turquoise
c70e95e7-a70e-473,Bentley,Park Avenue,2018,Blue
3e17d98b-5d27-477,BMW,Tacoma,2005,Orange
c356a12a-1db4-4ed,Toyota,Tribeca,2004,Turquoise
da3175bb-185e-41e,Buick,Tribeca,2016,Turquoise
44782d00-f1dc-491,Buick,Sonata,2009,Light green
7257fcd4-a867-479,Audi,Viper,2013,Light green
178fe6f3-4d2f-416,Dodge,Topaz,2017,Orange
12cef821-7ddd-413,Hyundai,Tacoma,2004,Blue
611572a5-fc6b-472,Buick,Sonata,2017,White
d68c5765-05e0-45a,Audi,Park Avenue,2006,Green
3f6c0300-eee5-486,Subaru,Tempo,2014,Orange
b6887f11-7d3a-4d4,Alfa Romeo,Tempo,2014,Purple
5aa0b3da-90e4-404,Dodge,Park Avenue,2017,White
af2b25d4-cfff-46c,Alfa Romeo,Intrepid,2022,Dark green
c9b885e2-029d-4a4,Ford,Intrepid,2020,Light green
9f44586c-b67b-4b9,Toyota,Sonata,2019,Khaki
9cbc09c4-fd6f-40d,Abarth,E350,2020,Gold
ea00b706-3b67-4e6,Toyota,Tucson,2006,Turquoise
c48c1fe3-27c6-4fd,Alfa Romeo,Viper,2004,Orange
0edf2c9c-f37d-47b,Ford,Topaz,2005,Turquoise
cc3d7e2e-eceb-487,Subaru,Tacoma,2019,Pink
4e7cc90a-cca3-4ec,Audi,Park Avenue,2011,Orange
3a2bfde5-a562-490,Abarth,Intrepid,2019,Gold
09c3339c-1dfe-404,Mercury,E350,2015,Gold
7fb142a8-166d-461,Bentley,Park Avenue,2015,Turquoise
b3d47e96-1eb1-4a0,Ford,Intrepid,2021,Purple
d03747ae-7b17-4be,Hyundai,E350,2008,Pink
8503b139-f0f0-410,Subaru,Tribeca,2014,Fuscia
78411089-ea9a-466,Buick,Sonata,2006,White
46a5a630-aac5-4e0,Buick,Intrepid,2022,Purple
2558bb99-d009-42a,Alfa Romeo,Intrepid,2018,Orange
56aeed74-e290-4ba,Subaru,Tacoma,2013,Gray
0666095c-c678-4b7,Toyota,Intrepid,2021,Orange
50ff612e-bea3-427,Alfa Romeo,Park Avenue,2018,Light green
f4fec662-d3c6-4b3,Toyota,Park Avenue,2011,Light green
6df1b628-e6f4-48f,Alfa Romeo,Tacoma,2013,Red
396d9a0c-f7ce-4cb,Dodge,E350,2013,Red
08d379d9-083d-428,Alfa Romeo,Tempo,2010,Orange
0e3214df-6e6a-495,Abarth,Tempo,2012,White
ee66c8be-5709-4df,Subaru,E350,2018,Gold
16800afb-44aa-487,Mercury,Viper,2007,Pink
d1ed325a-e280-470,BMW,E350,2017,Blue
5cfb8ea8-e28c-48e,Audi,Intrepid,2009,Silver
412fb1bb-bc03-4fa,Buick,Park Avenue,2019,Silver
2fb483c0-03ff-402,BMW,Tribeca,2016,Orange
8767c89e-dbd7-4df,Buick,Intrepid,2019,Dark Blue
d92cc3b7-33f8-457,Bentley,Tempo,2004,Purple
282f6f2c-f678-49a,Bentley,Intrepid,2014,Purple
3d34d140-738d-4c4,Abarth,Intrepid,2012,Silver
68941009-1da0-45d,Abarth,Topaz,2017,Gray
bb36e723-ddb0-477,Hyundai,Topaz,2008,Dark green
8917b7ba-5c40-4ab,Bentley,Sonata,2005,Blue
e8c7882d-0aad-401,BMW,Intrepid,2023,Red
5f10ad7a-4654-482,Hyundai,Intrepid,2004,Blue
41a014d5-af2c-40c,Toyota,Tucson,2005,Black
2cbd419a-517c-45b,Abarth,Tribeca,2014,Khaki
8c07f257-a839-435,Dodge,Tribeca,2008,Green
abf866ee-4712-460,Alfa Romeo,E350,2019,Red
46ae0664-159b-429,BMW,Viper,2014,Pink
7c5cdf58-64af-49b,BMW,Sonata,2015,Orange
ebe08c57-e821-42f,Alfa Romeo,Park Avenue,2011,Purple
f3b670a6-809b-423,Ford,Sonata,2012,Dark Blue
4d2b49f3-165d-42e,Alfa Romeo,Tucson,2010,Khaki
c5884d7e-6317-4b9,Abarth,Tempo,2023,Fuscia
5505518a-59e3-433,Toyota,E350,2014,Dark Blue
ad915ce7-4cba-439,Ford,Topaz,2005,Gold
3ae3a487-846b-401,BMW,Tacoma,2019,Gold
0820af23-289a-4d4,BMW,Tempo,2018,Turquoise
258c9577-deb2-454,Abarth,Tacoma,2021,Turquoise
de0e791f-2eea-4ab,Toyota,Park Avenue,2021,White
5be8af98-985a-4b8,Buick,Tucson,2020,Turquoise
88d3f6cb-7e37-4fc,Dodge,Topaz,2004,White
e9e451d9-9901-4e0,Toyota,Park Avenue,2009,Silver
b2cc6859-b326-405,Audi,Tacoma,2011,Turquoise
94eb5ddc-9b64-4bf,Mercury,Tribeca,2023,Green
e9e9902c-f068-4e3,Ford,Intrepid,2009,Gold
dbb451c6-5a48-41e,Buick,Tempo,2014,Light green
9d41d8ba-8658-4c5,Ford,Tribeca,2009,Pink
29742694-b120-491,Mercury,Viper,2009,Red
92c880e9-02f1-46a,Mercury,Tempo,2023,Turquoise
e1d9bd9d-58e7-4a8,Mercury,Topaz,2013,Green
78f7d516-2e0b-4ea,Ford,Tacoma,2013,Gold
02507cbf-e5a2-43d,Subaru,Tacoma,2011,Silver
6a13a460-9e43-403,Abarth,Tribeca,2014,Dark Blue
5b85b846-d519-4dd,Buick,Tempo,2004,White
3f93c38e-51fd-46f,Ford,Park Avenue,2011,Light green
ed2ed6d2-b66e-470,Abarth,Topaz,2009,Green
6126fd75-efd5-4ac,BMW,Intrepid,2020,Dark green
6ca466cc-4703-4f0,Bentley,Tacoma,2019,Light green
940e1bb8-9b82-44f,Mercury,Tucson,2004,Pink
6d49569f-7a36-404,Toyota,Topaz,2013,Dark green
9476a22f-c571-4a0,Audi,Viper,2007,Turquoise
9fe545ed-0e71-443,Dodge,Tucson,2014,White
7343a7ab-41c0-43c,Alfa Romeo,Tempo,2021,Khaki
45a35cde-b78e-480,Audi,Sonata,2019,Red
09d19f35-c2b3-45d,Audi,Tacoma,2016,Orange
a73b3398-6ea0-47d,Bentley,Topaz,2004,Dark Blue
7393c2dc-8758-4be,Subaru,Intrepid,2013,Gold
34a87d29-2798-439,Bentley,Viper,2020,Pink
528ce732-9d5b-453,Buick,Park Avenue,2021,Orange
32c243b1-1e0d-436,Alfa Romeo,Tacoma,2017,Black
01e1c4da-0979-448,Dodge,Tribeca,2011,Green
1df3c8d6-9044-43a,Mercury,Intrepid,2012,Black
e76ab02b-5a08-4a5,Subaru,Tempo,2009,Black
eb547837-a189-4f7,Bentley,Tribeca,2004,Dark Blue
f2e87617-0050-422,Mercury,Viper,2021,Black
4c8ad9eb-8609-4b0,Hyundai,Viper,2019,Blue
05c06852-46e7-4e9,Dodge,Intrepid,2006,Fuscia
23a18c95-5ae1-470,Buick,Viper,2023,Light green
158786aa-3846-4fe,Hyundai,Tribeca,2010,Purple
3dcfc3f6-34fa-4e2,BMW,Topaz,2017,Blue
e3d45828-a0e5-47b,Bentley,Tacoma,2011,Orange
9108ebc0-180c-4cf,Dodge,Topaz,2007,Light green
881b2cdd-b723-49e,Alfa Romeo,Intrepid,2008,Blue
dbe807c4-1817-43f,Audi,Tribeca,2014,Gray
7aaf5de7-74e3-47c,Ford,Park Avenue,2017,Black
334bc968-454f-4f4,Hyundai,Intrepid,2021,Dark Blue
997ae9e1-fb8c-445,Dodge,Intrepid,2009,Fuscia
341412a8-2bb1-447,Ford,Tucson,2021,Dark Blue
59b0c781-97e9-4f3,Dodge,Tempo,2022,Dark green
bb668c62-1def-47e,BMW,Tucson,2017,Blue
adb4dec3-6242-432,Subaru,Sonata,2023,Silver
1aecef76-7ab5-490,Dodge,Tacoma,2023,Pink
1a0079e2-2787-4ac,Mercury,E350,2005,Turquoise
219fda1c-4d88-42f,Dodge,Tempo,2020,Gold
73420971-ca33-43b,Dodge,Tucson,2010,Green
44ab1325-2ef6-47f,Toyota,Topaz,2013,Purple
a6397b93-2b7e-48e,Abarth,Tribeca,2008,Black
37d90eb1-c71b-402,Dodge,Tempo,2007,Gray
7784923b-7b53-4f9,Abarth,Topaz,2018,White
783c3926-c0dd-4e0,Abarth,Tribeca,2011,Khaki
281fd1fd-2ccc-47f,Subaru,Tucson,2010,Gold
f0a526a7-4393-4ac,BMW,Tacoma,2012,Blue
4dd13800-f5c5-4e6,Ford,Tacoma,2020,Orange
f4b033dd-6ff7-42f,Ford,E350,2010,Purple
b138c21c-94ce-48f,Dodge,Topaz,2023,Orange
7b62de7b-9c52-483,Mercury,Tribeca,2021,Fuscia
0d7e84cc-e228-438,Ford,Tempo,2006,Red
54c7afb5-77b0-450,Toyota,Park Avenue,2014,Orange
68b92c73-baa0-46a,Mercury,E350,2020,White
3e175307-950d-4ff,Ford,E350,2008,Khaki
a2f7b8d5-6ec4-414,Toyota,Tucson,2022,Green
0a18bb39-6101-435,Toyota,E350,2015,Dark Blue
0f5241db-b588-4bf,Mercury,Park Avenue,2015,Light green
57e7bb37-46f5-4d1,Abarth,Tucson,2016,Dark green
b742e2af-1c4e-491,Abarth,Intrepid,2004,Orange
a39ec8a9-1a73-4a5,Toyota,Viper,2014,Orange
bc6c5063-0ce8-4a9,Toyota,Sonata,2008,Purple
c004ade9-5c77-49d,Toyota,Tucson,2020,White
fd344435-9a47-47f,Abarth,Intrepid,2007,Fuscia
be01fd18-568a-4d4,Mercury,Sonata,2021,Gold
a3cb9d22-1477-497,Alfa Romeo,Tucson,2023,Khaki
23beeeae-3e7a-4e8,Alfa Romeo,Tacoma,2016,Gold
3232f267-5c5c-400,Toyota,E350,2015,Light green
7af0b001-ff84-41a,Alfa Romeo,Tucson,2010,Silver
ddcbcdf9-a8e1-46b,Bentley,Tempo,2008,Dark Blue
60877a92-e66a-4bd,Toyota,E350,2013,White
9f240984-c053-486,Alfa Romeo,Sonata,2014,Red
5d1cb86e-7127-4bd,Alfa Romeo,Tribeca,2004,Green
d07090ec-5731-450,Audi,Sonata,2014,Pink
14c5915e-d603-475,Audi,Tempo,2016,Khaki
539dca4d-7bc6-46b,BMW,Tucson,2014,Gold
8e7e9996-a487-4ba,Hyundai,Tempo,2008,Turquoise
94e94563-2d41-4d6,Audi,E350,2015,Pink
48311254-1529-45a,Bentley,Tribeca,2021,Gray
c920fb95-6d85-443,Toyota,Park Avenue,2008,Dark green
b95d3eb0-790b-4b1,Mercury,Tucson,2017,Gold
aedc5727-d4ef-4d1,Hyundai,Intrepid,2009,Dark green
b88f0e66-5a67-42e,Audi,Topaz,2012,White
1e53d0fd-427f-493,Subaru,Tucson,2008,Khaki
2ff5588b-6277-422,Mercury,Tacoma,2007,Blue
04986f8d-5560-46a,Dodge,Tempo,2021,Light green
63ace615-c049-4e4,Buick,Intrepid,2022,Silver
e6466ac2-981f-465,Mercury,E350,2015,Fuscia
b5c5732d-915d-4a8,Subaru,Tempo,2012,White
9c7de938-a25b-44c,Ford,Topaz,2022,Silver
0bb899b4-5af6-42c,Abarth,Tucson,2007,Khaki
8a052e8c-fcaa-43a,BMW,Intrepid,2023,Red
219fb105-9cb4-4ba,Buick,E350,2014,Fuscia
2c3961a3-0447-4c1,Bentley,Topaz,2004,Turquoise
baa6e483-6704-478,Alfa Romeo,Park Avenue,2011,Gray
72f7bcc8-d6d2-463,Hyundai,Viper,2005,Orange
bbda8a14-66cb-42b,Mercury,Tucson,2008,Fuscia
d0989c24-1290-423,Dodge,Tucson,2015,Black
d47f3820-e8e6-43e,Bentley,Tribeca,2016,Orange
c2da3192-8054-46e,Toyota,Tribeca,2007,Turquoise
9dde82c8-5707-4f2,Abarth,Park Avenue,2006,Dark green
ef98233d-b243-478,Mercury,Intrepid,2004,Silver
7d467578-9963-4ca,Buick,Tacoma,2014,Turquoise
d291d5ef-83aa-4f2,Ford,E350,2006,Gold
080a1a98-1549-49a,Bentley,Sonata,2004,Light green
8f59f6ab-8552-432,Alfa Romeo,Intrepid,2005,Gold
178e347d-491a-434,Buick,Tacoma,2017,Gold
f52440c1-fd81-4cd,Dodge,Intrepid,2020,White
77368a75-287e-452,Hyundai,Tribeca,2015,Light green
17b5658a-a514-403,Buick,Sonata,2017,Purple
04c76c4b-9c4d-4e7,BMW,Viper,2012,Khaki
3a5dc1b4-6717-4d0,Alfa Romeo,Tribeca,2005,Red
5c0398d0-7aa2-4fa,Hyundai,Tribeca,2004,Gold
a1da2748-7aab-42b,Abarth,Topaz,2023,Blue
13b9dc7d-cd3d-44b,Audi,Viper,2011,Pink
4415c7e2-57fc-418,Mercury,Sonata,2014,Fuscia
f8d07975-277e-427,Abarth,Intrepid,2016,Turquoise
734b76fc-e42a-48f,Subaru,Topaz,2009,Fuscia
29153324-ce9d-430,Toyota,E350,2012,Dark green
a53a91f9-d196-4ea,Dodge,Intrepid,2019,Turquoise
b36afd92-de9b-4e7,BMW,Viper,2011,Pink
c634d5d3-6e71-48b,Bentley,Tacoma,2016,Dark Blue
115ec27f-50de-467,BMW,Topaz,2013,Red
93e80969-c3a4-4aa,Toyota,Tempo,2013,Light green
a7e1c520-19c9-470,Subaru,Topaz,2021,Black
8c544f89-fe26-450,Hyundai,Intrepid,2010,Black
c0224cf1-f8b5-4c2,Dodge,Tribeca,2012,Purple
6f46d8c0-576e-4c5,Subaru,Topaz,2009,Red
6cd27613-46c4-426,Dodge,Sonata,2023,Khaki
ecc0226e-ec60-47c,Mercury,Park Avenue,2005,Turquoise
26837511-4eac-4bf,Ford,Topaz,2015,Blue
4a9f9281-73b1-40b,Subaru,Tucson,2016,Gold
f6e98b05-18d3-431,Subaru,Tribeca,2010,Fuscia
ced8ff77-a22d-425,Dodge,Tacoma,2004,Green
ee3bae3f-144e-426,Dodge,Sonata,2004,Gold
f622dd13-18f5-451,Bentley,Tempo,2017,Pink
92b9d8d2-7c7e-42d,Abarth,Tucson,2005,Blue
58be7d25-f271-411,Buick,Park Avenue,2005,Orange
1ad151a8-00bd-492,Subaru,Tacoma,2023,Turquoise
35086546-836b-499,Abarth,Tempo,2017,Black
58d545d5-9716-43b,Toyota,Park Avenue,2010,Turquoise
89575297-9378-49a,Alfa Romeo,E350,2021,Gold
1f2613d4-390e-401,BMW,Sonata,2011,Pink
b00d93c2-b841-4c9,Buick,Topaz,2011,Purple
77e59dc0-f6e2-407,Hyundai,Tempo,2022,Black
af23414f-91a0-454,Abarth,E350,2014,Black
46a5e250-2dd5-4d2,Toyota,Viper,2011,Black
bca11fed-fa20-4af,Alfa Romeo,Sonata,2006,Gray
56c0dda1-2b11-406,Abarth,Tacoma,2020,Dark Blue
33438ebd-3cb5-43d,BMW,Intrepid,2010,Green
6f1a813e-d0fd-492,Subaru,Intrepid,2011,Gray
4c96753a-df16-41e,Buick,Intrepid,2004,Orange
b6931a17-81c8-4fa,Hyundai,Park Avenue,2018,Dark Blue
57564c2c-e193-43b,Mercury,Tucson,2011,Orange
7fa76073-fb32-48f,Hyundai,Viper,2013,Orange
9a813082-60b3-4df,Ford,Viper,2013,Fuscia
a6974c1e-5843-486,Buick,Sonata,2020,Dark green
22fd3503-907f-465,Toyota,Tucson,2008,Black
5fba8cdb-5706-41b,Subaru,Park Avenue,2019,Khaki
2425c403-d55b-486,Toyota,E350,2010,Dark green
ee0cd23e-6b5f-41b,Alfa Romeo,Tempo,2011,Orange
ebf8bcc3-a113-40e,Mercury,E350,2011,Dark green
401acae2-81b6-410,Mercury,Viper,2020,Turquoise
c4500027-8677-4d6,Subaru,Viper,2015,White
5ed68b60-3783-4c7,Audi,Tucson,2011,Dark green
56eb1366-aa59-4c1,Alfa Romeo,Tacoma,2006,Blue
ba665a0c-322e-49c,Mercury,Park Avenue,2022,Dark Blue
e1bb632f-be8a-44f,Audi,Park Avenue,2016,Gold
70abd224-5061-42d,Ford,Tucson,2015,Dark Blue
8f0eb484-5a78-4cc,Mercury,Tempo,2004,Dark Blue
28f5a13b-4d14-43e,BMW,Topaz,2019,Gold
818427d2-7d60-41c,Mercury,Tucson,2010,White
82d2daa1-8deb-43c,Bentley,Tempo,2009,Silver
2943ae0c-0e31-4af,Toyota,Tempo,2017,Gold
98412f5e-7fd0-451,Dodge,Tempo,2020,Light green
3c4e7dae-6a7a-473,Dodge,Viper,2013,Black
8f60b6cf-3298-4c1,Buick,Tucson,2009,White
d371689e-a7e9-4b7,Mercury,Tucson,2012,Pink
f3b77827-d35f-4e4,Dodge,Tribeca,2011,Green
249062f3-417c-4ab,Ford,Viper,2013,Dark Blue
f09c69b7-ff56-45e,Hyundai,Tucson,2020,Light green
77c9511e-8666-459,Alfa Romeo,Viper,2013,Black
275cc356-c8f4-4d1,Hyundai,Intrepid,2014,Purple
f3ccaa25-1016-400,BMW,Tempo,2010,Blue
ab8055a6-979a-4ce,Bentley,Tacoma,2005,Dark green
0c5a45c9-88e5-400,Bentley,Tucson,2006,Khaki
22060c7a-6439-40f,BMW,Park Avenue,2014,Purple
7b1d3c20-8fa2-460,Subaru,Tribeca,2023,Silver
0fda0ac6-d6c3-4bf,Bentley,E350,2020,Purple
a9cd915c-0257-495,Dodge,Tempo,2011,Gray
dfab9006-1b18-471,BMW,Tucson,2010,Fuscia
61433503-7e45-43d,BMW,Sonata,2014,Dark green
bacd8896-7298-48a,Abarth,Sonata,2008,Blue
e11a7fe9-abe0-49f,Bentley,Tempo,2009,Blue
fc3d33f8-5372-4e8,Audi,Viper,2015,Blue
a1df21b5-4525-454,Buick,Tucson,2006,Turquoise
9ab3b4fa-3027-420,Dodge,E350,2012,Red
80f31b16-1dd7-456,Ford,Tacoma,2009,Dark green
97908c3e-133b-47d,Toyota,Park Avenue,2005,Dark Blue
dbc9cf3a-b4b2-4c5,Buick,Viper,2021,Pink
c37284ab-5ba7-434,Audi,Topaz,2008,Purple
98f7402e-e902-443,Buick,Viper,2008,Silver
8f0f568a-004f-47f,Dodge,Topaz,2006,Silver
458daa5a-bd9f-499,Alfa Romeo,Park Avenue,2017,Gold
810cf286-9c3f-444,Audi,Tacoma,2015,Gold
fb2014e1-8891-456,Dodge,Topaz,2011,Light green
be7cecc4-143f-434,BMW,Tribeca,2021,Dark Blue
ec9a3784-9542-457,Alfa Romeo,Tacoma,2010,Silver
a0f57a99-ef0a-42c,Audi,Park Avenue,2008,Pink
c5c69df5-0e0e-4b3,Abarth,Sonata,2004,Silver
2d6ae7bc-7603-4d3,Hyundai,Topaz,2022,Orange
4bfd2ac0-d868-4d9,Toyota,Tucson,2013,Blue
27cce1f1-46db-46f,Buick,Intrepid,2022,White
117b73f5-9796-437,Alfa Romeo,Park Avenue,2018,Khaki
d2165e55-3ee9-48c,Mercury,Tempo,2021,Pink
f5669e39-1084-4c0,Buick,Park Avenue,2019,Fuscia
7e76b450-317d-49b,Audi,Intrepid,2021,Orange
9372abd5-4dbe-495,Audi,Intrepid,2011,Dark Blue
6e911fb4-d515-465,Subaru,Intrepid,2021,Fuscia
8a7d9482-9217-4e7,Subaru,Tempo,2005,Turquoise
e4c68f12-29ea-4b6,Bentley,E350,2018,Red
2a84a767-af64-413,Hyundai,Tacoma,2012,Turquoise
e10f5c2e-c2d8-4e5,Bentley,Topaz,2017,Gold
e3820496-af96-4d5,BMW,Viper,2019,Turquoise
1563b27c-2f89-4e6,Hyundai,Tempo,2006,Fuscia
990dd18b-aa3d-423,Abarth,Park Avenue,2006,Dark green
839c9217-6259-472,Alfa Romeo,Tempo,2018,Light green
8171a6c9-a2be-458,Mercury,Tempo,2014,Dark Blue
f45c5cbe-6d46-429,Bentley,Park Avenue,2012,Dark green
ed885c31-3959-453,Subaru,Intrepid,2021,Black
6dc26782-f03a-4f1,Bentley,E350,2018,Turquoise
1e578767-cc0a-463,Bentley,Intrepid,2022,Light green
f602c11c-38d5-489,Hyundai,Viper,2011,Gold
69b99594-d1ec-44a,Toyota,Topaz,2013,Light green
94393170-b1d8-462,Bentley,E350,2021,Black
2727215a-5a75-4da,Subaru,Park Avenue,2007,Orange
2158fc9b-8dbc-493,Dodge,Sonata,2015,Green
da5822fb-cb6b-422,Subaru,Park Avenue,2013,Gold
296c868d-d587-40a,Buick,Park Avenue,2011,Turquoise
ae85c531-eba1-4f8,Mercury,Intrepid,2013,Purple
c10faebb-bff6-48d,Abarth,Park Avenue,2018,Khaki
66cb47e3-3007-4eb,Alfa Romeo,Park Avenue,2014,White
134349e4-55be-484,Toyota,Tucson,2010,Turquoise
696d1b88-03c7-4e6,Abarth,Intrepid,2006,Gray
7fbcd2ee-29cc-4bf,Hyundai,Tribeca,2016,Dark Blue
f38c37d4-e333-454,BMW,Tacoma,2021,Khaki
dd41170c-5c3c-432,Mercury,Topaz,2023,Light green
1db2ac14-8702-469,Toyota,Viper,2007,Light green
3e9acd8b-bd7f-44d,Alfa Romeo,Intrepid,2020,Gray
ec5393f1-071b-449,Dodge,Sonata,2021,Silver
caa4cc70-a711-490,BMW,Park Avenue,2016,Black
70259681-ad07-45c,Ford,Topaz,2020,Gold
e4582e4e-44c7-400,BMW,Park Avenue,2021,Green
96adbf4d-e677-4fb,Dodge,Topaz,2009,Dark Blue
6049a510-7087-4e7,Audi,Viper,2012,Dark Blue
c975a281-f281-4e3,Alfa Romeo,Park Avenue,2007,Turquoise
3b3b1901-88ab-49d,Audi,Tucson,2006,Dark green
3dc63d86-1fda-47a,Subaru,Sonata,2015,Blue
7f9492da-1cd1-4a7,BMW,E350,2013,Silver
46a31b4d-0a06-434,Hyundai,Viper,2011,Black
277c5a71-ad97-4e4,Dodge,E350,2009,Dark green
7f5bdf40-d7cb-47d,Subaru,Tempo,2015,Green
76857213-b6dd-4fb,Mercury,E350,2023,Dark green
40d7f040-841d-401,Audi,Tribeca,2017,Purple
ef59f9b3-a886-444,Audi,Tempo,2014,Silver
b269a4dd-ebef-4a9,Subaru,E350,2016,Black
706f7810-db9a-4cd,Alfa Romeo,Topaz,2022,Light green
007737f7-e8f0-4cb,Subaru,Tacoma,2015,Dark Blue
cd206d91-d605-470,Alfa Romeo,Park Avenue,2018,Purple
257856cb-8feb-41d,Alfa Romeo,Topaz,2018,Black
7a88f327-2adb-442,Mercury,Tacoma,2009,Dark Blue
7af4a815-6ba0-46e,Abarth,Tribeca,2010,Purple
c07e1827-1c4e-4df,Bentley,Intrepid,2015,Turquoise
bb86c7b1-1ba7-4ca,Toyota,Sonata,2022,Pink
b595929d-cb01-45d,Mercury,Intrepid,2005,Silver
066daef0-9cb5-42b,Ford,Park Avenue,2016,Dark Blue
ff52780e-0281-4a7,Mercury,Viper,2015,Pink
2d0432b2-55db-467,Alfa Romeo,Park Avenue,2004,Pink
f5a8afd5-86c6-4c1,Alfa Romeo,Tribeca,2018,Khaki
e868c49a-bf5c-4a0,Alfa Romeo,E350,2014,Orange
4d7cf686-ffd1-4b8,Buick,Tempo,2016,Fuscia
6f51265c-ae38-4bc,Buick,Tempo,2020,Dark green
d401bdbe-89f0-4ff,Ford,Tacoma,2011,Black
0d33bfdb-dba0-4cd,Alfa Romeo,Viper,2010,Gray
3b413717-b3df-4d1,Bentley,Topaz,2004,Pink
6dd2a61e-526d-44f,Bentley,Tribeca,2007,Black
9e654a93-6680-4c4,BMW,Park Avenue,2016,Dark Blue
068ecf9f-d820-41b,Subaru,Tempo,2012,Green
98ad180b-c2ac-4c1,Dodge,Sonata,2016,Light green
a390319e-bfc5-4f8,BMW,Viper,2012,Turquoise
1353dff1-6672-4bf,Alfa Romeo,Topaz,2008,Dark green
3ac5fd03-14b1-4b7,Toyota,Tempo,2015,Turquoise
a48344a4-3bf8-451,Toyota,E350,2021,Blue
9628f4ca-3190-4ab,Hyundai,Park Avenue,2020,Turquoise
03b25bd9-970e-4ca,Mercury,E350,2005,White
dfb1d3aa-6884-450,Abarth,Viper,2022,Orange
1e189ef8-3610-4af,Hyundai,E350,2014,Dark Blue
c36a6146-cd89-4e2,Buick,E350,2017,Fuscia
5a613d09-bf34-481,Buick,Tribeca,2019,White
9d4ccb54-cfd9-491,Audi,Sonata,2023,Blue
20018bd3-23e8-47c,Alfa Romeo,E350,2020,Black
fcf9e45d-bd5f-45f,Audi,Tempo,2018,Fuscia
043f47c6-ed66-403,Mercury,Intrepid,2016,Black
f7215c7b-5c16-488,Bentley,Intrepid,2008,Gold
9f6b5af1-1224-4c9,Dodge,Viper,2017,Green
3462a47f-d0cd-46b,Ford,Topaz,2006,Pink
34810d65-c6bc-475,Buick,Tacoma,2005,Gray
45337054-b45f-49c,Dodge,Intrepid,2019,Orange
d1b98fe1-d495-4bb,Audi,Park Avenue,2022,Dark green
6f01e770-df5f-48c,Mercury,Sonata,2014,Dark green
bfbe7632-a8cd-45a,Subaru,Tempo,2009,Fuscia
4b619b2a-f27d-454,Bentley,Intrepid,2007,White
20630028-c545-45b,Audi,Intrepid,2023,Black
48b2552d-1434-4a6,Buick,Tempo,2018,Pink
93c9ee7b-86ed-4ac,Ford,Tucson,2019,Turquoise
e913213b-9e6e-477,BMW,Tribeca,2021,Red
ce6bbf61-65e2-47c,Alfa Romeo,Tempo,2021,Purple
bf76a361-cd8e-40a,Audi,Tempo,2023,Turquoise
9466f5db-3549-404,Bentley,Tucson,2011,Fuscia
ba1e3fe6-5d3f-4e3,Ford,Sonata,2022,Dark green
281c8974-f0dd-4ab,Alfa Romeo,Intrepid,2004,Dark green
517f89d8-e3b4-4ac,Subaru,Intrepid,2012,Fuscia
d15adee0-ab7f-4fd,Subaru,Viper,2018,Black
661ac034-44df-481,Toyota,Viper,2004,Blue
620b1666-54a2-465,Buick,Park Avenue,2008,Blue
03dca94b-a9f0-494,BMW,Tribeca,2010,Red
02c5cbb3-b486-4b9,Audi,Tacoma,2014,Fuscia
970a480e-ac58-40c,Alfa Romeo,Tucson,2006,Black
f1e17e3b-d8f5-407,BMW,Tacoma,2013,Black
cdab053e-819b-46d,Hyundai,Tacoma,2016,Pink
d352f483-1bce-4f2,BMW,Intrepid,2009,Purple
33ebfa9d-eb23-411,Alfa Romeo,E350,2015,Green
84781d5c-1e1f-427,Subaru,Park Avenue,2023,Gray
67c47460-55c2-4c8,Subaru,Tacoma,2010,Gray
d27d5632-b78c-4d9,Toyota,Viper,2018,Purple
947f9cdf-8597-44b,Toyota,Tempo,2009,Red
6c4bcbd0-2ac1-463,Hyundai,E350,2019,Light green
5800e64a-7737-4fa,BMW,Topaz,2011,Green
fa981d72-71a4-485,Hyundai,Tucson,2017,White
4040482f-30df-4d7,Mercury,E350,2006,Khaki
9fd7f06f-3919-474,Audi,Tacoma,2004,Khaki
d4774ed9-4c50-4c2,Bentley,Topaz,2017,Orange
12edf717-86d2-453,Buick,Tempo,2010,Red
49461def-f5f8-41a,Dodge,Topaz,2022,Black
6cf0cb0a-78a2-405,Toyota,Tucson,2019,Turquoise
6b9718cd-120b-44e,Buick,Tempo,2014,Gray
902e6afe-adcd-4d4,Hyundai,E350,2010,Pink
a471e3f9-38ad-440,Mercury,Intrepid,2008,Black
8565e870-2bfb-4f3,Dodge,Topaz,2014,Purple
bf9caec1-be70-41c,Alfa Romeo,Viper,2022,Blue
09eec4e1-cca5-46d,BMW,Viper,2009,Purple
f80c0f31-f9c2-409,Subaru,Intrepid,2004,Pink
0bf7310c-8a09-4da,Audi,Tribeca,2015,Purple
95ed8f3b-c069-4ca,Alfa Romeo,Intrepid,2017,Orange
4a90e571-f926-441,Toyota,Tucson,2021,Light green
65e87c58-eb5f-458,Hyundai,Intrepid,2018,Dark green
0aa8e2b9-0db6-4e6,Abarth,Tempo,2006,Gold
930289a0-a12f-4b0,Ford,Sonata,2013,Silver
2d40e12b-283a-4bf,Abarth,E350,2023,Purple
9fd0bf6f-abed-4f6,Abarth,Tacoma,2017,Red
d75155f7-993b-432,Hyundai,Topaz,2010,White
11d51c39-6928-463,Dodge,Tucson,2009,Dark green
41195d65-05f5-4c9,Dodge,Intrepid,2017,Khaki
a5cbef3b-9f8e-402,Ford,Tribeca,2011,Light green
20bb06ee-e523-475,Toyota,Topaz,2012,Pink
678c7550-988b-441,Ford,Tacoma,2014,Black
0877cf60-4993-46e,Abarth,E350,2004,Khaki
a1d1faeb-baf4-4c8,Toyota,Tempo,2004,Purple
d096ceff-3a74-492,Buick,E350,2006,Turquoise
40322ff6-fe08-45d,Buick,Tempo,2004,Gold
ba902ca1-d399-49c,Buick,Intrepid,2005,Khaki
bd760209-6a90-42b,BMW,Sonata,2012,Pink
949eb31d-d98d-4e5,Bentley,Topaz,2023,Pink
7d7302c6-53e4-481,Ford,Tucson,2012,Dark green
9a4be49a-eed2-4b6,Subaru,Topaz,2018,Red
c65f321a-aabd-4ba,Alfa Romeo,Tucson,2016,Black
c6067e18-eb24-404,Dodge,Tacoma,2017,Turquoise
1321a435-4813-477,Subaru,Viper,2008,Silver
aa99880f-3709-400,Ford,Park Avenue,2006,Dark green
6cb1ba39-f222-4dd,Alfa Romeo,Tacoma,2014,White
5eecbbb0-2dfe-406,Subaru,Tempo,2020,Light green
73db69d2-1aa7-426,Mercury,Intrepid,2008,White
77f16db8-6d30-465,Bentley,Viper,2013,Gold
2722a218-ac9a-43e,BMW,Park Avenue,2014,Khaki
79bd221c-e86b-465,Dodge,Sonata,2008,Green
2924d6e8-571f-432,Buick,Tacoma,2016,Dark Blue
33039667-6db6-435,Audi,Park Avenue,2020,Blue
b950725a-e087-44f,Ford,Intrepid,2004,Orange
2cf56638-f774-45b,Alfa Romeo,Sonata,2014,Dark Blue
7965325f-3c85-40c,Dodge,Tucson,2007,Green
59beca75-c3a9-46d,Subaru,Intrepid,2020,Red
5e7fc041-86f7-46c,Alfa Romeo,Park Avenue,2009,Green
12d79778-f038-48e,Hyundai,Park Avenue,2015,Turquoise
c8271cc6-58ea-410,Toyota,E350,2014,Black
7e26ce2c-77e7-481,Audi,Viper,2020,Turquoise
c6a77eb4-c1bb-496,Ford,Tucson,2008,White
7bb98fa6-2ea1-4da,Subaru,E350,2012,Black
a549f105-2054-439,Hyundai,Tribeca,2019,Fuscia
541ebec8-7089-418,Alfa Romeo,Sonata,2011,Green
569cef7d-d076-46e,Alfa Romeo,Tempo,2020,Red
7c29b5df-5620-4f4,Hyundai,Tempo,2005,Pink
f8433a45-ce23-41b,Audi,Park Avenue,2022,Pink
0d3aa332-de1e-4ce,Bentley,E350,2004,Gray
1d9062b8-c000-4a8,Hyundai,Sonata,2014,Orange
e99e322f-90f8-4f8,Dodge,Tacoma,2014,Silver
8d84653a-1509-4bd,BMW,E350,2020,Blue
34f32e7a-c57a-4f8,Hyundai,Intrepid,2004,Dark green
0b38b727-b8ac-436,Buick,Intrepid,2017,Blue
9590ad82-393d-424,Bentley,Viper,2019,Pink
1feebe68-aa54-41c,Alfa Romeo,Intrepid,2015,Khaki
48370d9b-8d05-400,Ford,Tempo,2016,Red
0ed3e7dc-c927-4ea,Subaru,Topaz,2009,Orange
8f021f74-55cc-463,Hyundai,Topaz,2016,Khaki
2eb793b1-bc5c-478,Toyota,Tempo,2005,Dark green
5f70f424-555f-4b1,Buick,Topaz,2023,Silver
f3db3602-4a2e-41e,Audi,Sonata,2016,Dark Blue
a3c24c45-053d-4ba,BMW,Park Avenue,2021,Light green
8f36572d-18c3-481,Subaru,Tucson,2016,Blue
6ef75da1-fd11-47c,Abarth,Tribeca,2023,Gray
cf884d8d-f81d-41b,Hyundai,Tempo,2018,Purple
2e12ea73-3127-4a4,Ford,E350,2012,Dark Blue
7750730f-e599-443,BMW,Tribeca,2013,Khaki
367cdbb3-dbe9-42a,Toyota,Tempo,2005,Turquoise
c2cbacaa-cfac-460,Hyundai,Viper,2007,Gold
4e9f1dfd-7e86-444,Bentley,Tucson,2023,Purple
88ddf2c0-3f6a-40d,BMW,E350,2020,Gold
2c910e8f-b2e1-430,Hyundai,Sonata,2013,Gold
941d26ed-6bc9-4d3,Buick,Tempo,2006,Turquoise
5b232f10-93e7-48e,Hyundai,Sonata,2016,Fuscia
7e71c454-6464-429,Abarth,Sonata,2008,Turquoise
ce91477d-de50-459,Subaru,Intrepid,2004,Blue
830f49b0-77f0-489,Ford,Tacoma,2021,White
6c58f921-4bc1-4fd,Bentley,E350,2006,Green
a9846732-9e4f-4d7,Bentley,Intrepid,2021,Gold
543db347-198b-453,Subaru,Topaz,2020,Gray
b882aae2-06e7-444,Hyundai,Tucson,2022,Khaki
98a12991-a672-468,Ford,Tempo,2023,Gold
626bb92d-409d-4c3,Alfa Romeo,Tucson,2006,Purple
7717dec0-8715-44e,Abarth,Tribeca,2011,Red
3e4750f0-dcbd-4ab,Buick,E350,2018,Pink
fd3369ac-1c44-481,Ford,Intrepid,2017,Dark Blue
2a8054c2-57b8-424,Ford,Intrepid,2009,Turquoise
